"size","max_diss","av_diss","diameter","separation"
14,5.79054833000504,3.44325323078269,7.34229909835351,2.26869308726084
14,5.49883724812474,3.06091988053549,8.42638604753428,2.26869308726084
